TimeSec,CpuPercent,WorkingSetMb,PrivateMb,Handles
0,2088937.2,375.4,587.6,1273
5,82.2,364.2,576.2,1275
10,91.2,368.4,579.5,1270
15,104.1,375.7,586.3,1270
20,97.8,384.3,595.2,1270
25,112.8,394.0,610.9,1320
30,91.2,394.3,610.7,1315
35,85.0,404.4,616.7,1289
40,83.7,405.0,616.8,1277
45,92.5,402.6,614.0,1267
50,87.8,397.8,611.9,1267
55,95.0,398.3,613.7,1267
60,98.1,400.5,615.9,1267
65,100.9,403.4,619.5,1274
70,95.9,414.2,628.5,1269
75,107.8,409.2,624.0,1269
80,109.4,415.4,632.8,1269
85,126.9,419.9,645.3,1311
90,121.9,414.2,639.2,1296
95,110.0,419.5,642.7,1279
100,111.9,407.5,634.1,1278
105,106.5,414.9,641.3,1267
110,102.5,405.4,637.9,1276
115,99.1,414.8,644.8,1272
120,114.4,419.6,649.9,1263
125,100.3,419.4,650.2,1263
130,116.9,421.9,652.4,1263
135,125.6,436.0,665.3,1266
140,117.8,436.5,662.0,1262
145,134.7,439.2,668.8,1306
150,116.5,439.1,666.8,1293
155,110.3,422.7,649.6,1278
160,107.2,437.5,662.3,1274
165,100.6,432.3,657.4,1267
170,90.9,442.7,667.5,1267
175,94.4,443.0,666.8,1272
180,97.2,440.4,665.2,1275
185,105.3,447.3,669.5,1268
190,113.1,450.5,672.5,1268
195,114.7,454.5,678.9,1272
200,125.0,450.5,674.9,1268
205,113.7,446.2,678.7,1316
210,128.7,438.6,675.5,1319
215,109.1,434.7,673.2,1283
220,121.6,429.6,672.4,1282
225,120.0,422.2,667.2,1268
230,112.2,424.6,671.2,1262
235,102.2,422.7,676.3,1262
240,111.2,421.4,683.1,1265
245,107.8,419.7,684.0,1264
250,100.0,402.4,680.1,1264
255,97.8,400.1,681.6,1264
260,98.1,399.2,680.8,1264
265,111.2,409.1,695.4,1316
270,117.5,423.0,708.1,1329
275,138.1,465.7,746.7,1295
280,141.2,465.1,751.0,1297
285,106.2,458.4,740.5,1274
290,90.6,463.1,745.3,1274
295,92.8,460.0,745.5,1277
300,83.7,461.7,748.6,1274
305,118.4,450.1,738.8,1277
310,93.1,456.3,744.3,1272
315,132.2,449.5,725.0,1283
320,129.4,441.6,691.0,1283
325,96.6,438.4,696.6,1315
330,112.5,483.7,741.0,1325
335,91.9,477.2,736.8,1300
340,100.9,489.9,752.9,1304
345,101.6,486.3,748.6,1288
350,102.8,479.9,742.4,1296
355,93.4,486.1,747.3,1291
360,77.8,492.3,754.3,1294
365,103.1,482.0,744.1,1292
370,110.3,487.7,750.4,1289
375,126.5,438.7,695.7,1293
380,110.0,463.1,718.8,1289
385,88.7,466.6,727.9,1328
390,99.4,470.0,732.9,1310
395,89.7,464.9,723.7,1292
400,95.9,469.5,729.1,1298
405,88.4,473.0,736.9,1316
410,88.4,460.0,728.6,1313
415,86.6,492.5,762.6,1316
420,81.6,491.7,760.2,1313
425,89.1,475.3,752.1,1319
430,84.4,443.0,728.8,1319
435,100.0,432.3,719.1,1319
440,105.9,424.9,721.3,1313
445,102.8,422.7,730.1,1352
450,105.3,433.5,740.8,1337
455,91.6,431.1,740.1,1323
460,76.9,459.1,768.7,1322
465,92.2,455.1,765.0,1315
470,83.4,463.5,775.2,1320
475,93.7,456.5,767.4,1322
480,93.4,474.1,788.6,1328
485,98.1,464.5,778.3,1322
490,107.5,405.3,720.6,1312
495,81.9,405.5,722.3,1312
500,75.6,454.1,770.8,1316
505,118.7,452.5,773.6,1363
510,110.6,460.3,781.3,1352
515,121.5,451.9,772.5,1349
520,92.8,461.1,781.0,1337
525,92.5,460.2,778.2,1317
530,98.4,449.4,769.0,1322
535,100.3,446.4,767.7,1324
540,94.4,454.5,774.9,1322
545,95.3,459.0,780.9,1320
550,104.1,462.0,785.0,1324
555,96.6,457.8,782.6,1327
560,100.3,459.2,786.5,1325
565,115.0,455.8,789.0,1374
570,97.5,446.3,776.8,1362
575,83.1,437.8,756.9,1339
580,97.8,460.5,780.9,1330
585,89.4,464.7,785.0,1315
590,84.1,465.8,787.7,1315
595,88.7,461.5,785.1,1323
